index,value
938,2117.775930507917
939,405.4829200585984
940,320.995523437184
941,2000.0
942,53.884781297024006
943,328.552649650816
944,136.61402232152318
945,393.334598558592
946,13.124974146239998
947,0.0
948,382.3821044483839
949,317.80718859324145
950,228.0341307142656
951,3095.7234551872
952,0.0
953,2309.677809847105
954,284.25147292279047
955,247.60739760819203
956,2032.2366199787523
957,0.0
958,1143.9633835366142
959,1226.287643196225
960,249.5566987259906
961,2056.436129451314
962,0.0
